{"MRE": 1.8812369468412016, "SDR 2.0mm": 68.6842105263158, "SDR 2.5mm": 78.15789473684211, "SDR 3.0mm": 85.68421052631578, "SDR 4.0mm": 92.73684210526316, "data_time": 1.3954434578235333, "time": 1.8859499784616323}