{"MRE": 2.5593598824293604, "SDR 2.0mm": 63.31578947368421, "SDR 2.5mm": 73.89473684210527, "SDR 3.0mm": 81.26315789473684, "SDR 4.0mm": 90.36842105263158, "data_time": 1.3760177355546217, "time": 1.7923540885631855}